<application>
  <component name="MavenWrapperMapping">
    <option name="mapping">
      <map>
        <entry key="https://repo.maven.apache.org/maven2/org/apache/maven/apache-maven/3.5.2/apache-maven-3.5.2-bin.zip" value="$USER_HOME$/.m2/wrapper/dists/apache-maven-3.5.2-bin/7hf0mht29afbpa1e4v2d1a16p0/apache-maven-3.5.2" />
        <entry key="https://repo.maven.apache.org/maven2/org/apache/maven/apache-maven/3.8.5/apache-maven-3.8.5-bin.zip" value="$USER_HOME$/.m2/wrapper/dists/apache-maven-3.8.5-bin/5i5jha092a3i37g0paqnfr15e0/apache-maven-3.8.5" />
      </map>
    </option>
  </component>
</application>