<application>
  <component name="FeatureSuggesterSettings">
    <option name="workingDays">
      <list>
        <option value="1665848250504" />
        <option value="1665901028798" />
        <option value="1666031277803" />
        <option value="1666106663295" />
        <option value="1666195847120" />
        <option value="1666275749888" />
        <option value="1666367471170" />
        <option value="1666421827431" />
        <option value="1666518739579" />
        <option value="1666630224415" />
        <option value="1666648810846" />
        <option value="1666768232147" />
        <option value="1666892542380" />
        <option value="1666986843376" />
        <option value="1667022477768" />
        <option value="1667111529375" />
        <option value="1667242030618" />
        <option value="1667289816791" />
        <option value="1667413386348" />
        <option value="1667578249913" />
        <option value="1667641733076" />
        <option value="1667722274601" />
        <option value="1667838392373" />
        <option value="1667926510539" />
        <option value="1668009075226" />
        <option value="1668095273160" />
        <option value="1668152765781" />
        <option value="1668238357197" />
        <option value="1668328942990" />
        <option value="1668412576105" />
      </list>
    </option>
  </component>
</application>