<application>
  <component name="FileTypeManager" version="18">
    <extensionMap>
      <mapping pattern="BookingRepository.ts" type="AUTO_DETECTED" />
      <mapping pattern="translations-to-remove" type="AUTO_DETECTED" />
      <mapping pattern="Podfile" type="AUTO_DETECTED" />
      <mapping pattern="config" type="AUTO_DETECTED" />
      <mapping pattern=".env.*" type="Env File" />
      <mapping ext="env" type="Env File" />
      <mapping ext="html" type="Handlebars/Mustache" />
      <mapping ext="gradle.kts" type="Kotlin" />
      <mapping ext="main.kts" type="Kotlin" />
      <mapping pattern=".svgrrc" type="PLAIN_TEXT" />
      <mapping pattern=".ruby-version" type="PLAIN_TEXT" />
      <mapping pattern=".env" type="PLAIN_TEXT" />
      <mapping pattern="gemfile.lock" type="PLAIN_TEXT" />
      <mapping ext="bundle" type="PLAIN_TEXT" />
      <mapping ext="log" type="PLAIN_TEXT" />
      <mapping ext="mdx" type="PLAIN_TEXT" />
      <mapping ext="template" type="PLAIN_TEXT" />
      <removed_mapping ext="apk" approved="true" type="ARCHIVE" />
      <removed_mapping ext="env" approved="true" type=".env file" />
      <removed_mapping ext="html" approved="true" type="HTML" />
      <removed_mapping ext="psd" approved="true" type="Image" />
      <removed_mapping pattern=".env" approved="true" type=".env file" />
      <removed_mapping pattern=".env" approved="true" type="Env File" />
      <removed_mapping pattern=".env.*" approved="true" type=".env file" />
    </extensionMap>
  </component>
</application>