<application>
  <component name="FindSettings">
    <option name="customScope" value="All Places" />
    <option name="defaultScopeName" value="All Places" />
    <option name="localRegularExpressions" value="true" />
    <option name="LOCAL_REGULAR_EXPRESSIONS" value="true" />
    <option name="SEARCH_SCOPE" value="All Places" />
    <mask>*.tests.*</mask>
    <mask>*.xml</mask>
    <mask>*.sql</mask>
    <mask>*.gradle</mask>
    <mask>*.txt</mask>
    <mask>*.j</mask>
    <mask>*.ts,tsx</mask>
    <mask>*.tsx,ts</mask>
    <mask>*.json</mask>
    <mask>*.java</mask>
    <mask>*.tests.tsx</mask>
    <mask>*.*</mask>
    <mask>*.test.tsx</mask>
    <mask>*.html</mask>
    <mask>package.json</mask>
    <mask>*.js</mask>
    <mask>*.ts</mask>
    <mask>*.tsx</mask>
  </component>
</application>