<application>
  <component name="NodeJsLocalInterpreterManager">
    <local-interpreter path="/usr/local/bin/node">
      <version-cache last-modified="0" />
    </local-interpreter>
    <local-interpreter path="/opt/homebrew/bin/node">
      <version-cache version="16.18.1" last-modified="1669808223124" />
    </local-interpreter>
    <local-interpreter path="$APPLICATION_CONFIG_DIR$/node/node-v16.16.0-darwin-x64/bin/node">
      <version-cache version="16.16.0" last-modified="1669796174112" />
    </local-interpreter>
  </component>
</application>