<keymap version="1" name="IntelliJ IDEA Classic copy 1" parent="Mac OS X">
  <action id="Back">
    <keyboard-shortcut first-keystroke="ctrl meta left" />
  </action>
  <action id="CloseContent">
    <keyboard-shortcut first-keystroke="meta f4" />
    <keyboard-shortcut first-keystroke="meta escape" />
  </action>
  <action id="CommentByBlockComment">
    <keyboard-shortcut first-keystroke="shift ctrl slash" />
    <keyboard-shortcut first-keystroke="shift ctrl divide" />
    <keyboard-shortcut first-keystroke="shift meta slash" />
    <keyboard-shortcut first-keystroke="shift meta divide" />
    <keyboard-shortcut first-keystroke="ctrl slash" />
  </action>
  <action id="CommentByLineComment">
    <keyboard-shortcut first-keystroke="meta slash" />
    <keyboard-shortcut first-keystroke="meta divide" />
    <keyboard-shortcut first-keystroke="ctrl slash" />
  </action>
  <action id="Diff.ApplyLeftSide" />
  <action id="Diff.ApplyRightSide" />
  <action id="Diff.NextChange" />
  <action id="Diff.PrevChange" />
  <action id="Diff.ShowDiff">
    <keyboard-shortcut first-keystroke="meta d" />
    <keyboard-shortcut first-keystroke="ctrl d" />
  </action>
  <action id="EditorBackwardParagraph">
    <keyboard-shortcut first-keystroke="shift ctrl up" />
  </action>
  <action id="EditorDuplicate">
    <keyboard-shortcut first-keystroke="ctrl d" />
  </action>
  <action id="EditorForwardParagraph">
    <keyboard-shortcut first-keystroke="shift ctrl down" />
  </action>
  <action id="EditorLineEnd">
    <keyboard-shortcut first-keystroke="alt right" />
  </action>
  <action id="EditorLineEndWithSelection">
    <keyboard-shortcut first-keystroke="shift alt right" />
  </action>
  <action id="EditorLineStart">
    <keyboard-shortcut first-keystroke="alt left" />
  </action>
  <action id="EditorLineStartWithSelection">
    <keyboard-shortcut first-keystroke="shift alt left" />
  </action>
  <action id="EditorNextWord">
    <keyboard-shortcut first-keystroke="ctrl right" />
  </action>
  <action id="EditorNextWordWithSelection">
    <keyboard-shortcut first-keystroke="shift ctrl right" />
  </action>
  <action id="EditorPreviousWord">
    <keyboard-shortcut first-keystroke="ctrl left" />
  </action>
  <action id="EditorPreviousWordWithSelection">
    <keyboard-shortcut first-keystroke="shift ctrl left" />
  </action>
  <action id="EditorTextStartWithSelection" />
  <action id="FindInPath">
    <keyboard-shortcut first-keystroke="shift ctrl f" />
    <keyboard-shortcut first-keystroke="shift meta f" />
  </action>
  <action id="Forward">
    <keyboard-shortcut first-keystroke="ctrl meta right" />
  </action>
  <action id="GotoDeclaration">
    <mouse-shortcut keystroke="Force touch" />
    <mouse-shortcut keystroke="button2" />
    <keyboard-shortcut first-keystroke="ctrl b" />
    <mouse-shortcut keystroke="control button1" />
  </action>
  <action id="GotoImplementation">
    <mouse-shortcut keystroke="control alt button1" />
    <keyboard-shortcut first-keystroke="meta alt b" />
  </action>
  <action id="GotoNextElementUnderCaretUsage" />
  <action id="GotoTypeDeclaration">
    <mouse-shortcut keystroke="shift meta button1" />
    <keyboard-shortcut first-keystroke="meta b" />
  </action>
  <action id="MethodDown">
    <keyboard-shortcut first-keystroke="ctrl alt down" />
  </action>
  <action id="MethodUp" />
  <action id="NewElementInMenuGroup">
    <keyboard-shortcut first-keystroke="meta back_slash" />
  </action>
  <action id="NextEditorTab" />
  <action id="NextTab">
    <keyboard-shortcut first-keystroke="meta right" />
  </action>
  <action id="PreviousEditorTab" />
  <action id="PreviousTab">
    <keyboard-shortcut first-keystroke="meta left" />
  </action>
  <action id="SplitVertically">
    <keyboard-shortcut first-keystroke="meta numpad6" />
  </action>
  <action id="UsageGrouping.DirectoryStructure" />
  <action id="Vcs.RollbackChangedLines" />
  <action id="org.intellij.plugins.markdown.ui.actions.styling.ToggleBoldAction" />
</keymap>